{"endpoint_map":{"ap-northeast-1":"cdn.ap-southeast-1.aliyuncs.com","ap-south-1":"cdn.ap-southeast-1.aliyuncs.com","ap-southeast-1":"cdn.ap-southeast-1.aliyuncs.com","ap-southeast-2":"cdn.ap-southeast-1.aliyuncs.com","ap-southeast-3":"cdn.ap-southeast-1.aliyuncs.com","ap-southeast-5":"cdn.ap-southeast-1.aliyuncs.com","eu-central-1":"cdn.ap-southeast-1.aliyuncs.com","eu-west-1":"cdn.ap-southeast-1.aliyuncs.com","me-east-1":"cdn.ap-southeast-1.aliyuncs.com","us-east-1":"cdn.ap-southeast-1.aliyuncs.com","us-west-1":"cdn.ap-southeast-1.aliyuncs.com"},"endpoint_regional":"central","standard":{"cn-hangzhou":"cdn.aliyuncs.com","cn-beijing":"cdn.aliyuncs.com","cn-chengdu":"cdn.aliyuncs.com","cn-hongkong":"cdn.aliyuncs.com","cn-huhehaote":"cdn.aliyuncs.com","cn-qingdao":"cdn.aliyuncs.com","cn-shanghai":"cdn.aliyuncs.com","cn-shenzhen":"cdn.aliyuncs.com","cn-zhangjiakou":"cdn.aliyuncs.com","cn-hangzhou-finance":"cdn.aliyuncs.com","cn-shenzhen-finance-1":"cdn.aliyuncs.com","cn-shanghai-finance-1":"cdn.aliyuncs.com","cn-north-2-gov-1":"cdn.aliyuncs.com"},"regions":["cn-hangzhou","ap-northeast-1","ap-south-1","ap-southeast-1","ap-southeast-2","ap-southeast-3","ap-southeast-5","cn-beijing","cn-chengdu","cn-hongkong","cn-huhehaote","cn-qingdao","cn-shanghai","cn-shenzhen","cn-zhangjiakou","eu-central-1","eu-west-1","me-east-1","us-east-1","us-west-1","cn-hangzhou-finance","cn-shenzhen-finance-1","cn-shanghai-finance-1","cn-north-2-gov-1"],"endpoint_health":[]}
