{"endpoint_map":{"ap-northeast-1":"cloudesl.aliyuncs.com","ap-northeast-2-pop":"cloudesl.aliyuncs.com","ap-south-1":"cloudesl.aliyuncs.com","ap-southeast-1":"cloudesl.aliyuncs.com","ap-southeast-2":"cloudesl.aliyuncs.com","ap-southeast-3":"cloudesl.aliyuncs.com","ap-southeast-5":"cloudesl.aliyuncs.com","cn-beijing":"cloudesl.aliyuncs.com","cn-beijing-finance-1":"cloudesl.aliyuncs.com","cn-beijing-finance-pop":"cloudesl.aliyuncs.com","cn-beijing-gov-1":"cloudesl.aliyuncs.com","cn-beijing-nu16-b01":"cloudesl.aliyuncs.com","cn-chengdu":"cloudesl.aliyuncs.com","cn-edge-1":"cloudesl.aliyuncs.com","cn-fujian":"cloudesl.aliyuncs.com","cn-haidian-cm12-c01":"cloudesl.aliyuncs.com","cn-hangzhou-bj-b01":"cloudesl.aliyuncs.com","cn-hangzhou-finance":"cloudesl.aliyuncs.com","cn-hangzhou-internal-prod-1":"cloudesl.aliyuncs.com","cn-hangzhou-internal-test-1":"cloudesl.aliyuncs.com","cn-hangzhou-internal-test-2":"cloudesl.aliyuncs.com","cn-hangzhou-internal-test-3":"cloudesl.aliyuncs.com","cn-hangzhou-test-306":"cloudesl.aliyuncs.com","cn-hongkong":"cloudesl.aliyuncs.com","cn-hongkong-finance-pop":"cloudesl.aliyuncs.com","cn-huhehaote":"cloudesl.aliyuncs.com","cn-north-2-gov-1":"cloudesl.aliyuncs.com","cn-qingdao":"cloudesl.aliyuncs.com","cn-qingdao-nebula":"cloudesl.aliyuncs.com","cn-shanghai":"cloudesl.aliyuncs.com","cn-shanghai-et15-b01":"cloudesl.aliyuncs.com","cn-shanghai-et2-b01":"cloudesl.aliyuncs.com","cn-shanghai-finance-1":"cloudesl.aliyuncs.com","cn-shanghai-inner":"cloudesl.aliyuncs.com","cn-shanghai-internal-test-1":"cloudesl.aliyuncs.com","cn-shenzhen":"cloudesl.aliyuncs.com","cn-shenzhen-finance-1":"cloudesl.aliyuncs.com","cn-shenzhen-inner":"cloudesl.aliyuncs.com","cn-shenzhen-st4-d01":"cloudesl.aliyuncs.com","cn-shenzhen-su18-b01":"cloudesl.aliyuncs.com","cn-wuhan":"cloudesl.aliyuncs.com","cn-yushanfang":"cloudesl.aliyuncs.com","cn-zhangbei-na61-b01":"cloudesl.aliyuncs.com","cn-zhangjiakou":"cloudesl.aliyuncs.com","cn-zhangjiakou-na62-a01":"cloudesl.aliyuncs.com","cn-zhengzhou-nebula-1":"cloudesl.aliyuncs.com","eu-central-1":"cloudesl.aliyuncs.com","eu-west-1":"cloudesl.aliyuncs.com","eu-west-1-oxs":"cloudesl.aliyuncs.com","me-east-1":"cloudesl.aliyuncs.com","rus-west-1-pop":"cloudesl.aliyuncs.com","us-east-1":"cloudesl.aliyuncs.com","us-west-1":"cloudesl.aliyuncs.com"},"endpoint_regional":"regional","standard":{"cn-hangzhou":"cloudesl.cn-hangzhou.aliyuncs.com"},"regions":["cn-hangzhou","ap-northeast-1","ap-northeast-2-pop","ap-south-1","ap-southeast-1","ap-southeast-2","ap-southeast-3","ap-southeast-5","cn-beijing","cn-beijing-finance-1","cn-beijing-finance-pop","cn-beijing-gov-1","cn-beijing-nu16-b01","cn-chengdu","cn-edge-1","cn-fujian","cn-haidian-cm12-c01","cn-hangzhou-bj-b01","cn-hangzhou-finance","cn-hangzhou-internal-prod-1","cn-hangzhou-internal-test-1","cn-hangzhou-internal-test-2","cn-hangzhou-internal-test-3","cn-hangzhou-test-306","cn-hongkong","cn-hongkong-finance-pop","cn-huhehaote","cn-north-2-gov-1","cn-qingdao","cn-qingdao-nebula","cn-shanghai","cn-shanghai-et15-b01","cn-shanghai-et2-b01","cn-shanghai-finance-1","cn-shanghai-inner","cn-shanghai-internal-test-1","cn-shenzhen","cn-shenzhen-finance-1","cn-shenzhen-inner","cn-shenzhen-st4-d01","cn-shenzhen-su18-b01","cn-wuhan","cn-yushanfang","cn-zhangbei-na61-b01","cn-zhangjiakou","cn-zhangjiakou-na62-a01","cn-zhengzhou-nebula-1","eu-central-1","eu-west-1","eu-west-1-oxs","me-east-1","rus-west-1-pop","us-east-1","us-west-1"],"endpoint_health":[]}
