{"endpoint_map":{"ap-northeast-1":"ccc.aliyuncs.com","ap-south-1":"ccc.aliyuncs.com","ap-southeast-1":"ccc.aliyuncs.com","ap-southeast-2":"ccc.aliyuncs.com","ap-southeast-3":"ccc.aliyuncs.com","ap-southeast-5":"ccc.aliyuncs.com","cn-beijing":"ccc.aliyuncs.com","cn-chengdu":"ccc.aliyuncs.com","cn-hongkong":"ccc.aliyuncs.com","cn-huhehaote":"ccc.aliyuncs.com","cn-qingdao":"ccc.aliyuncs.com","cn-shenzhen":"ccc.aliyuncs.com","cn-zhangjiakou":"ccc.aliyuncs.com","eu-central-1":"ccc.aliyuncs.com","eu-west-1":"ccc.aliyuncs.com","me-east-1":"ccc.aliyuncs.com","us-east-1":"ccc.aliyuncs.com","us-west-1":"ccc.aliyuncs.com","cn-hangzhou-finance":"ccc.aliyuncs.com","cn-shenzhen-finance-1":"ccc.aliyuncs.com","cn-shanghai-finance-1":"ccc.aliyuncs.com","cn-north-2-gov-1":"ccc.aliyuncs.com"},"endpoint_regional":"regional","standard":{"cn-hangzhou":"ccc.cn-hangzhou.aliyuncs.com","cn-shanghai":"ccc.cn-shanghai.aliyuncs.com"},"regions":["ap-northeast-1","ap-south-1","ap-southeast-1","ap-southeast-2","ap-southeast-3","ap-southeast-5","cn-beijing","cn-chengdu","cn-hangzhou","cn-hongkong","cn-huhehaote","cn-qingdao","cn-shanghai","cn-shenzhen","cn-zhangjiakou","eu-central-1","eu-west-1","me-east-1","us-east-1","us-west-1","cn-hangzhou-finance","cn-shenzhen-finance-1","cn-shanghai-finance-1","cn-north-2-gov-1"],"endpoint_health":[]}
