{"endpoint_map":{},"endpoint_regional":"regional","standard":{"cn-qingdao":"acm.cn-qingdao.aliyuncs.com","cn-beijing":"acm.cn-beijing.aliyuncs.com","cn-zhangjiakou":"acm.cn-zhangjiakou.aliyuncs.com","cn-hangzhou":"acm.cn-hangzhou.aliyuncs.com","cn-shanghai":"acm.cn-shanghai.aliyuncs.com","cn-shenzhen":"acm.cn-shenzhen.aliyuncs.com","cn-hongkong":"acm.cn-hongkong.aliyuncs.com","ap-southeast-1":"acm.ap-southeast-1.aliyuncs.com","ap-southeast-2":"acm.ap-southeast-2.aliyuncs.com","us-west-1":"acm.us-west-1.aliyuncs.com","us-east-1":"acm.us-east-1.aliyuncs.com","eu-central-1":"acm.eu-central-1.aliyuncs.com","cn-hangzhou-finance":"acm.cn-hangzhou-finance.aliyuncs.com","cn-shanghai-finance-1":"acm.cn-shanghai-finance-1.aliyuncs.com","cn-shenzhen-finance-1":"acm.cn-shenzhen-finance-1.aliyuncs.com","cn-north-2-gov-1":"acm.cn-north-2-gov-1.aliyuncs.com","ap-northeast-1":"acm.ap-northeast-1.aliyuncs.com"},"regions":["cn-qingdao","cn-beijing","cn-zhangjiakou","cn-hangzhou","cn-shanghai","cn-shenzhen","cn-hongkong","ap-southeast-1","ap-southeast-2","us-west-1","us-east-1","eu-central-1","cn-hangzhou-finance","cn-shanghai-finance-1","cn-shenzhen-finance-1","cn-north-2-gov-1","ap-northeast-1"],"endpoint_health":{"cn-hangzhou-finance":"DomainNotFound","cn-shanghai-finance-1":"DomainNotFound","cn-shenzhen-finance-1":"DomainNotFound","cn-north-2-gov-1":"DomainNotFound"}}
