{"endpoint_map":{"ap-northeast-1":"dysmsapi.ap-southeast-1.aliyuncs.com","ap-northeast-2-pop":"dysmsapi.ap-southeast-1.aliyuncs.com","ap-south-1":"dysmsapi.ap-southeast-1.aliyuncs.com","ap-southeast-1":"dysmsapi.ap-southeast-1.aliyuncs.com","ap-southeast-2":"dysmsapi.ap-southeast-1.aliyuncs.com","ap-southeast-3":"dysmsapi.ap-southeast-1.aliyuncs.com","ap-southeast-5":"dysmsapi.ap-southeast-1.aliyuncs.com","cn-beijing":"dysmsapi-proxy.cn-beijing.aliyuncs.com","eu-central-1":"dysmsapi.ap-southeast-1.aliyuncs.com","eu-west-1":"dysmsapi.ap-southeast-1.aliyuncs.com","eu-west-1-oxs":"dysmsapi.ap-southeast-1.aliyuncs.com","me-east-1":"dysmsapi.ap-southeast-1.aliyuncs.com","rus-west-1-pop":"dysmsapi.ap-southeast-1.aliyuncs.com","us-east-1":"dysmsapi.ap-southeast-1.aliyuncs.com","us-west-1":"dysmsapi.ap-southeast-1.aliyuncs.com"},"endpoint_regional":"central","standard":{"cn-beijing-finance-1":"dysmsapi.aliyuncs.com","cn-beijing-finance-pop":"dysmsapi.aliyuncs.com","cn-beijing-gov-1":"dysmsapi.aliyuncs.com","cn-beijing-nu16-b01":"dysmsapi.aliyuncs.com","cn-chengdu":"dysmsapi.aliyuncs.com","cn-edge-1":"dysmsapi.aliyuncs.com","cn-fujian":"dysmsapi.aliyuncs.com","cn-haidian-cm12-c01":"dysmsapi.aliyuncs.com","cn-hangzhou":"dysmsapi.aliyuncs.com","cn-hangzhou-bj-b01":"dysmsapi.aliyuncs.com","cn-hangzhou-finance":"dysmsapi.aliyuncs.com","cn-hangzhou-internal-prod-1":"dysmsapi.aliyuncs.com","cn-hangzhou-internal-test-1":"dysmsapi.aliyuncs.com","cn-hangzhou-internal-test-2":"dysmsapi.aliyuncs.com","cn-hangzhou-internal-test-3":"dysmsapi.aliyuncs.com","cn-hangzhou-test-306":"dysmsapi.aliyuncs.com","cn-hongkong":"dysmsapi.aliyuncs.com","cn-hongkong-finance-pop":"dysmsapi.aliyuncs.com","cn-huhehaote":"dysmsapi.aliyuncs.com","cn-north-2-gov-1":"dysmsapi.aliyuncs.com","cn-qingdao":"dysmsapi.aliyuncs.com","cn-qingdao-nebula":"dysmsapi.aliyuncs.com","cn-shanghai":"dysmsapi.aliyuncs.com","cn-shanghai-et15-b01":"dysmsapi.aliyuncs.com","cn-shanghai-et2-b01":"dysmsapi.aliyuncs.com","cn-shanghai-finance-1":"dysmsapi.aliyuncs.com","cn-shanghai-inner":"dysmsapi.aliyuncs.com","cn-shanghai-internal-test-1":"dysmsapi.aliyuncs.com","cn-shenzhen":"dysmsapi.aliyuncs.com","cn-shenzhen-finance-1":"dysmsapi.aliyuncs.com","cn-shenzhen-inner":"dysmsapi.aliyuncs.com","cn-shenzhen-st4-d01":"dysmsapi.aliyuncs.com","cn-shenzhen-su18-b01":"dysmsapi.aliyuncs.com","cn-wuhan":"dysmsapi.aliyuncs.com","cn-yushanfang":"dysmsapi.aliyuncs.com","cn-zhangbei-na61-b01":"dysmsapi.aliyuncs.com","cn-zhangjiakou":"dysmsapi.aliyuncs.com","cn-zhangjiakou-na62-a01":"dysmsapi.aliyuncs.com","cn-zhengzhou-nebula-1":"dysmsapi.aliyuncs.com"},"regions":["ap-northeast-1","ap-northeast-2-pop","ap-south-1","ap-southeast-1","ap-southeast-2","ap-southeast-3","ap-southeast-5","cn-beijing","cn-beijing-finance-1","cn-beijing-finance-pop","cn-beijing-gov-1","cn-beijing-nu16-b01","cn-chengdu","cn-edge-1","cn-fujian","cn-haidian-cm12-c01","cn-hangzhou","cn-hangzhou-bj-b01","cn-hangzhou-finance","cn-hangzhou-internal-prod-1","cn-hangzhou-internal-test-1","cn-hangzhou-internal-test-2","cn-hangzhou-internal-test-3","cn-hangzhou-test-306","cn-hongkong","cn-hongkong-finance-pop","cn-huhehaote","cn-north-2-gov-1","cn-qingdao","cn-qingdao-nebula","cn-shanghai","cn-shanghai-et15-b01","cn-shanghai-et2-b01","cn-shanghai-finance-1","cn-shanghai-inner","cn-shanghai-internal-test-1","cn-shenzhen","cn-shenzhen-finance-1","cn-shenzhen-inner","cn-shenzhen-st4-d01","cn-shenzhen-su18-b01","cn-wuhan","cn-yushanfang","cn-zhangbei-na61-b01","cn-zhangjiakou","cn-zhangjiakou-na62-a01","cn-zhengzhou-nebula-1","eu-central-1","eu-west-1","eu-west-1-oxs","me-east-1","rus-west-1-pop","us-east-1","us-west-1"],"endpoint_health":[]}
