{"endpoint_map":{"ap-northeast-1":"business.ap-southeast-1.aliyuncs.com","ap-northeast-2-pop":"business.ap-southeast-1.aliyuncs.com","ap-south-1":"business.ap-southeast-1.aliyuncs.com","ap-southeast-1":"business.ap-southeast-1.aliyuncs.com","ap-southeast-2":"business.ap-southeast-1.aliyuncs.com","ap-southeast-3":"business.ap-southeast-1.aliyuncs.com","ap-southeast-5":"business.ap-southeast-1.aliyuncs.com","cn-beijing":"business.aliyuncs.com","cn-beijing-finance-1":"business.aliyuncs.com","cn-beijing-finance-pop":"business.aliyuncs.com","cn-beijing-gov-1":"business.aliyuncs.com","cn-beijing-nu16-b01":"business.aliyuncs.com","cn-chengdu":"business.aliyuncs.com","cn-edge-1":"business.aliyuncs.com","cn-fujian":"business.aliyuncs.com","cn-haidian-cm12-c01":"business.aliyuncs.com","cn-hangzhou":"business.aliyuncs.com","cn-hangzhou-bj-b01":"business.aliyuncs.com","cn-hangzhou-finance":"business.aliyuncs.com","cn-hangzhou-internal-prod-1":"business.aliyuncs.com","cn-hangzhou-internal-test-1":"business.aliyuncs.com","cn-hangzhou-internal-test-2":"business.aliyuncs.com","cn-hangzhou-internal-test-3":"business.aliyuncs.com","cn-hangzhou-test-306":"business.aliyuncs.com","cn-hongkong":"business.aliyuncs.com","cn-hongkong-finance-pop":"business.aliyuncs.com","cn-huhehaote":"business.aliyuncs.com","cn-north-2-gov-1":"business.aliyuncs.com","cn-qingdao":"business.aliyuncs.com","cn-qingdao-nebula":"business.aliyuncs.com","cn-shanghai":"business.aliyuncs.com","cn-shanghai-et15-b01":"business.aliyuncs.com","cn-shanghai-et2-b01":"business.aliyuncs.com","cn-shanghai-finance-1":"business.aliyuncs.com","cn-shanghai-inner":"business.aliyuncs.com","cn-shanghai-internal-test-1":"business.aliyuncs.com","cn-shenzhen":"business.aliyuncs.com","cn-shenzhen-finance-1":"business.aliyuncs.com","cn-shenzhen-inner":"business.aliyuncs.com","cn-shenzhen-st4-d01":"business.aliyuncs.com","cn-shenzhen-su18-b01":"business.aliyuncs.com","cn-wuhan":"business.aliyuncs.com","cn-yushanfang":"business.aliyuncs.com","cn-zhangbei-na61-b01":"business.aliyuncs.com","cn-zhangjiakou":"business.aliyuncs.com","cn-zhangjiakou-na62-a01":"business.aliyuncs.com","cn-zhengzhou-nebula-1":"business.aliyuncs.com","eu-central-1":"business.ap-southeast-1.aliyuncs.com","eu-west-1":"business.ap-southeast-1.aliyuncs.com","eu-west-1-oxs":"business.ap-southeast-1.aliyuncs.com","me-east-1":"business.ap-southeast-1.aliyuncs.com","rus-west-1-pop":"business.ap-southeast-1.aliyuncs.com","us-east-1":"business.ap-southeast-1.aliyuncs.com","us-west-1":"business.ap-southeast-1.aliyuncs.com"},"endpoint_regional":"regional","standard":[],"regions":["ap-northeast-1","ap-northeast-2-pop","ap-south-1","ap-southeast-1","ap-southeast-2","ap-southeast-3","ap-southeast-5","cn-beijing","cn-beijing-finance-1","cn-beijing-finance-pop","cn-beijing-gov-1","cn-beijing-nu16-b01","cn-chengdu","cn-edge-1","cn-fujian","cn-haidian-cm12-c01","cn-hangzhou","cn-hangzhou-bj-b01","cn-hangzhou-finance","cn-hangzhou-internal-prod-1","cn-hangzhou-internal-test-1","cn-hangzhou-internal-test-2","cn-hangzhou-internal-test-3","cn-hangzhou-test-306","cn-hongkong","cn-hongkong-finance-pop","cn-huhehaote","cn-north-2-gov-1","cn-qingdao","cn-qingdao-nebula","cn-shanghai","cn-shanghai-et15-b01","cn-shanghai-et2-b01","cn-shanghai-finance-1","cn-shanghai-inner","cn-shanghai-internal-test-1","cn-shenzhen","cn-shenzhen-finance-1","cn-shenzhen-inner","cn-shenzhen-st4-d01","cn-shenzhen-su18-b01","cn-wuhan","cn-yushanfang","cn-zhangbei-na61-b01","cn-zhangjiakou","cn-zhangjiakou-na62-a01","cn-zhengzhou-nebula-1","eu-central-1","eu-west-1","eu-west-1-oxs","me-east-1","rus-west-1-pop","us-east-1","us-west-1"],"endpoint_health":[]}
