{"endpoint_map":{},"endpoint_regional":"regional","standard":{"cn-qingdao":"amqp-open.cn-qingdao.aliyuncs.com","cn-beijing":"amqp-open.cn-beijing.aliyuncs.com","cn-hangzhou":"amqp-open.cn-hangzhou.aliyuncs.com","cn-shanghai":"amqp-open.cn-shanghai.aliyuncs.com","cn-shenzhen":"amqp-open.cn-shenzhen.aliyuncs.com"},"regions":["cn-qingdao","cn-beijing","cn-hangzhou","cn-shanghai","cn-shenzhen"],"endpoint_health":{"cn-qingdao":"DomainNotFound","cn-shanghai":"DomainNotFound","cn-shenzhen":"DomainNotFound"}}
