{"endpoint_map":{"ap-northeast-1":"dcdn.aliyuncs.com","ap-northeast-2-pop":"dcdn.aliyuncs.com","ap-south-1":"dcdn.aliyuncs.com","ap-southeast-1":"dcdn.aliyuncs.com","ap-southeast-2":"dcdn.aliyuncs.com","ap-southeast-3":"dcdn.aliyuncs.com","ap-southeast-5":"dcdn.aliyuncs.com","cn-beijing":"dcdn.aliyuncs.com","cn-beijing-finance-1":"dcdn.aliyuncs.com","cn-beijing-finance-pop":"dcdn.aliyuncs.com","cn-beijing-gov-1":"dcdn.aliyuncs.com","cn-beijing-nu16-b01":"dcdn.aliyuncs.com","cn-chengdu":"dcdn.aliyuncs.com","cn-edge-1":"dcdn.aliyuncs.com","cn-fujian":"dcdn.aliyuncs.com","cn-haidian-cm12-c01":"dcdn.aliyuncs.com","cn-hangzhou":"dcdn.aliyuncs.com","cn-hangzhou-bj-b01":"dcdn.aliyuncs.com","cn-hangzhou-finance":"dcdn.aliyuncs.com","cn-hangzhou-internal-prod-1":"dcdn.aliyuncs.com","cn-hangzhou-internal-test-1":"dcdn.aliyuncs.com","cn-hangzhou-internal-test-2":"dcdn.aliyuncs.com","cn-hangzhou-internal-test-3":"dcdn.aliyuncs.com","cn-hangzhou-test-306":"dcdn.aliyuncs.com","cn-hongkong":"dcdn.aliyuncs.com","cn-hongkong-finance-pop":"dcdn.aliyuncs.com","cn-huhehaote":"dcdn.aliyuncs.com","cn-north-2-gov-1":"dcdn.aliyuncs.com","cn-qingdao":"dcdn.aliyuncs.com","cn-qingdao-nebula":"dcdn.aliyuncs.com","cn-shanghai":"dcdn.aliyuncs.com","cn-shanghai-et15-b01":"dcdn.aliyuncs.com","cn-shanghai-et2-b01":"dcdn.aliyuncs.com","cn-shanghai-finance-1":"dcdn.aliyuncs.com","cn-shanghai-inner":"dcdn.aliyuncs.com","cn-shanghai-internal-test-1":"dcdn.aliyuncs.com","cn-shenzhen":"dcdn.aliyuncs.com","cn-shenzhen-finance-1":"dcdn.aliyuncs.com","cn-shenzhen-inner":"dcdn.aliyuncs.com","cn-shenzhen-st4-d01":"dcdn.aliyuncs.com","cn-shenzhen-su18-b01":"dcdn.aliyuncs.com","cn-wuhan":"dcdn.aliyuncs.com","cn-yushanfang":"dcdn.aliyuncs.com","cn-zhangbei-na61-b01":"dcdn.aliyuncs.com","cn-zhangjiakou":"dcdn.aliyuncs.com","cn-zhangjiakou-na62-a01":"dcdn.aliyuncs.com","cn-zhengzhou-nebula-1":"dcdn.aliyuncs.com","eu-central-1":"dcdn.aliyuncs.com","eu-west-1":"dcdn.aliyuncs.com","eu-west-1-oxs":"dcdn.aliyuncs.com","me-east-1":"dcdn.aliyuncs.com","rus-west-1-pop":"dcdn.aliyuncs.com","us-east-1":"dcdn.aliyuncs.com","us-west-1":"dcdn.aliyuncs.com"},"endpoint_regional":"regional","standard":[],"regions":["ap-northeast-1","ap-northeast-2-pop","ap-south-1","ap-southeast-1","ap-southeast-2","ap-southeast-3","ap-southeast-5","cn-beijing","cn-beijing-finance-1","cn-beijing-finance-pop","cn-beijing-gov-1","cn-beijing-nu16-b01","cn-chengdu","cn-edge-1","cn-fujian","cn-haidian-cm12-c01","cn-hangzhou","cn-hangzhou-bj-b01","cn-hangzhou-finance","cn-hangzhou-internal-prod-1","cn-hangzhou-internal-test-1","cn-hangzhou-internal-test-2","cn-hangzhou-internal-test-3","cn-hangzhou-test-306","cn-hongkong","cn-hongkong-finance-pop","cn-huhehaote","cn-north-2-gov-1","cn-qingdao","cn-qingdao-nebula","cn-shanghai","cn-shanghai-et15-b01","cn-shanghai-et2-b01","cn-shanghai-finance-1","cn-shanghai-inner","cn-shanghai-internal-test-1","cn-shenzhen","cn-shenzhen-finance-1","cn-shenzhen-inner","cn-shenzhen-st4-d01","cn-shenzhen-su18-b01","cn-wuhan","cn-yushanfang","cn-zhangbei-na61-b01","cn-zhangjiakou","cn-zhangjiakou-na62-a01","cn-zhengzhou-nebula-1","eu-central-1","eu-west-1","eu-west-1-oxs","me-east-1","rus-west-1-pop","us-east-1","us-west-1"],"endpoint_health":[]}
