{"endpoint_map":{},"endpoint_regional":"central","standard":{"ap-northeast-1":"dyvmsapi.aliyuncs.com","ap-northeast-2-pop":"dyvmsapi.aliyuncs.com","ap-south-1":"dyvmsapi.aliyuncs.com","ap-southeast-1":"dyvmsapi.aliyuncs.com","ap-southeast-2":"dyvmsapi.aliyuncs.com","ap-southeast-3":"dyvmsapi.aliyuncs.com","ap-southeast-5":"dyvmsapi.aliyuncs.com","cn-beijing":"dyvmsapi.aliyuncs.com","cn-beijing-finance-1":"dyvmsapi.aliyuncs.com","cn-beijing-finance-pop":"dyvmsapi.aliyuncs.com","cn-beijing-gov-1":"dyvmsapi.aliyuncs.com","cn-beijing-nu16-b01":"dyvmsapi.aliyuncs.com","cn-chengdu":"dyvmsapi.aliyuncs.com","cn-edge-1":"dyvmsapi.aliyuncs.com","cn-fujian":"dyvmsapi.aliyuncs.com","cn-haidian-cm12-c01":"dyvmsapi.aliyuncs.com","cn-hangzhou":"dyvmsapi.aliyuncs.com","cn-hangzhou-bj-b01":"dyvmsapi.aliyuncs.com","cn-hangzhou-finance":"dyvmsapi.aliyuncs.com","cn-hangzhou-internal-prod-1":"dyvmsapi.aliyuncs.com","cn-hangzhou-internal-test-1":"dyvmsapi.aliyuncs.com","cn-hangzhou-internal-test-2":"dyvmsapi.aliyuncs.com","cn-hangzhou-internal-test-3":"dyvmsapi.aliyuncs.com","cn-hangzhou-test-306":"dyvmsapi.aliyuncs.com","cn-hongkong":"dyvmsapi.aliyuncs.com","cn-hongkong-finance-pop":"dyvmsapi.aliyuncs.com","cn-huhehaote":"dyvmsapi.aliyuncs.com","cn-north-2-gov-1":"dyvmsapi.aliyuncs.com","cn-qingdao":"dyvmsapi.aliyuncs.com","cn-qingdao-nebula":"dyvmsapi.aliyuncs.com","cn-shanghai":"dyvmsapi.aliyuncs.com","cn-shanghai-et15-b01":"dyvmsapi.aliyuncs.com","cn-shanghai-et2-b01":"dyvmsapi.aliyuncs.com","cn-shanghai-finance-1":"dyvmsapi.aliyuncs.com","cn-shanghai-inner":"dyvmsapi.aliyuncs.com","cn-shanghai-internal-test-1":"dyvmsapi.aliyuncs.com","cn-shenzhen":"dyvmsapi.aliyuncs.com","cn-shenzhen-finance-1":"dyvmsapi.aliyuncs.com","cn-shenzhen-inner":"dyvmsapi.aliyuncs.com","cn-shenzhen-st4-d01":"dyvmsapi.aliyuncs.com","cn-shenzhen-su18-b01":"dyvmsapi.aliyuncs.com","cn-wuhan":"dyvmsapi.aliyuncs.com","cn-yushanfang":"dyvmsapi.aliyuncs.com","cn-zhangbei-na61-b01":"dyvmsapi.aliyuncs.com","cn-zhangjiakou":"dyvmsapi.aliyuncs.com","cn-zhangjiakou-na62-a01":"dyvmsapi.aliyuncs.com","cn-zhengzhou-nebula-1":"dyvmsapi.aliyuncs.com","eu-central-1":"dyvmsapi.aliyuncs.com","eu-west-1":"dyvmsapi.aliyuncs.com","eu-west-1-oxs":"dyvmsapi.aliyuncs.com","me-east-1":"dyvmsapi.aliyuncs.com","rus-west-1-pop":"dyvmsapi.aliyuncs.com","us-east-1":"dyvmsapi.aliyuncs.com","us-west-1":"dyvmsapi.aliyuncs.com"},"regions":["ap-northeast-1","ap-northeast-2-pop","ap-south-1","ap-southeast-1","ap-southeast-2","ap-southeast-3","ap-southeast-5","cn-beijing","cn-beijing-finance-1","cn-beijing-finance-pop","cn-beijing-gov-1","cn-beijing-nu16-b01","cn-chengdu","cn-edge-1","cn-fujian","cn-haidian-cm12-c01","cn-hangzhou","cn-hangzhou-bj-b01","cn-hangzhou-finance","cn-hangzhou-internal-prod-1","cn-hangzhou-internal-test-1","cn-hangzhou-internal-test-2","cn-hangzhou-internal-test-3","cn-hangzhou-test-306","cn-hongkong","cn-hongkong-finance-pop","cn-huhehaote","cn-north-2-gov-1","cn-qingdao","cn-qingdao-nebula","cn-shanghai","cn-shanghai-et15-b01","cn-shanghai-et2-b01","cn-shanghai-finance-1","cn-shanghai-inner","cn-shanghai-internal-test-1","cn-shenzhen","cn-shenzhen-finance-1","cn-shenzhen-inner","cn-shenzhen-st4-d01","cn-shenzhen-su18-b01","cn-wuhan","cn-yushanfang","cn-zhangbei-na61-b01","cn-zhangjiakou","cn-zhangjiakou-na62-a01","cn-zhengzhou-nebula-1","eu-central-1","eu-west-1","eu-west-1-oxs","me-east-1","rus-west-1-pop","us-east-1","us-west-1"],"endpoint_health":[]}
