{"endpoint_map":{},"endpoint_regional":"central","standard":{"ap-northeast-1":"dyplsapi.aliyuncs.com","ap-northeast-2-pop":"dyplsapi.aliyuncs.com","ap-south-1":"dyplsapi.aliyuncs.com","ap-southeast-1":"dyplsapi.aliyuncs.com","ap-southeast-2":"dyplsapi.aliyuncs.com","ap-southeast-3":"dyplsapi.aliyuncs.com","ap-southeast-5":"dyplsapi.aliyuncs.com","cn-beijing":"dyplsapi.aliyuncs.com","cn-beijing-finance-1":"dyplsapi.aliyuncs.com","cn-beijing-finance-pop":"dyplsapi.aliyuncs.com","cn-beijing-gov-1":"dyplsapi.aliyuncs.com","cn-beijing-nu16-b01":"dyplsapi.aliyuncs.com","cn-chengdu":"dyplsapi.aliyuncs.com","cn-edge-1":"dyplsapi.aliyuncs.com","cn-fujian":"dyplsapi.aliyuncs.com","cn-haidian-cm12-c01":"dyplsapi.aliyuncs.com","cn-hangzhou":"dyplsapi.aliyuncs.com","cn-hangzhou-bj-b01":"dyplsapi.aliyuncs.com","cn-hangzhou-finance":"dyplsapi.aliyuncs.com","cn-hangzhou-internal-prod-1":"dyplsapi.aliyuncs.com","cn-hangzhou-internal-test-1":"dyplsapi.aliyuncs.com","cn-hangzhou-internal-test-2":"dyplsapi.aliyuncs.com","cn-hangzhou-internal-test-3":"dyplsapi.aliyuncs.com","cn-hangzhou-test-306":"dyplsapi.aliyuncs.com","cn-hongkong":"dyplsapi.aliyuncs.com","cn-hongkong-finance-pop":"dyplsapi.aliyuncs.com","cn-huhehaote":"dyplsapi.aliyuncs.com","cn-north-2-gov-1":"dyplsapi.aliyuncs.com","cn-qingdao":"dyplsapi.aliyuncs.com","cn-qingdao-nebula":"dyplsapi.aliyuncs.com","cn-shanghai":"dyplsapi.aliyuncs.com","cn-shanghai-et15-b01":"dyplsapi.aliyuncs.com","cn-shanghai-et2-b01":"dyplsapi.aliyuncs.com","cn-shanghai-finance-1":"dyplsapi.aliyuncs.com","cn-shanghai-inner":"dyplsapi.aliyuncs.com","cn-shanghai-internal-test-1":"dyplsapi.aliyuncs.com","cn-shenzhen":"dyplsapi.aliyuncs.com","cn-shenzhen-finance-1":"dyplsapi.aliyuncs.com","cn-shenzhen-inner":"dyplsapi.aliyuncs.com","cn-shenzhen-st4-d01":"dyplsapi.aliyuncs.com","cn-shenzhen-su18-b01":"dyplsapi.aliyuncs.com","cn-wuhan":"dyplsapi.aliyuncs.com","cn-yushanfang":"dyplsapi.aliyuncs.com","cn-zhangbei-na61-b01":"dyplsapi.aliyuncs.com","cn-zhangjiakou":"dyplsapi.aliyuncs.com","cn-zhangjiakou-na62-a01":"dyplsapi.aliyuncs.com","cn-zhengzhou-nebula-1":"dyplsapi.aliyuncs.com","eu-central-1":"dyplsapi.aliyuncs.com","eu-west-1":"dyplsapi.aliyuncs.com","eu-west-1-oxs":"dyplsapi.aliyuncs.com","me-east-1":"dyplsapi.aliyuncs.com","rus-west-1-pop":"dyplsapi.aliyuncs.com","us-east-1":"dyplsapi.aliyuncs.com","us-west-1":"dyplsapi.aliyuncs.com"},"regions":["ap-northeast-1","ap-northeast-2-pop","ap-south-1","ap-southeast-1","ap-southeast-2","ap-southeast-3","ap-southeast-5","cn-beijing","cn-beijing-finance-1","cn-beijing-finance-pop","cn-beijing-gov-1","cn-beijing-nu16-b01","cn-chengdu","cn-edge-1","cn-fujian","cn-haidian-cm12-c01","cn-hangzhou","cn-hangzhou-bj-b01","cn-hangzhou-finance","cn-hangzhou-internal-prod-1","cn-hangzhou-internal-test-1","cn-hangzhou-internal-test-2","cn-hangzhou-internal-test-3","cn-hangzhou-test-306","cn-hongkong","cn-hongkong-finance-pop","cn-huhehaote","cn-north-2-gov-1","cn-qingdao","cn-qingdao-nebula","cn-shanghai","cn-shanghai-et15-b01","cn-shanghai-et2-b01","cn-shanghai-finance-1","cn-shanghai-inner","cn-shanghai-internal-test-1","cn-shenzhen","cn-shenzhen-finance-1","cn-shenzhen-inner","cn-shenzhen-st4-d01","cn-shenzhen-su18-b01","cn-wuhan","cn-yushanfang","cn-zhangbei-na61-b01","cn-zhangjiakou","cn-zhangjiakou-na62-a01","cn-zhengzhou-nebula-1","eu-central-1","eu-west-1","eu-west-1-oxs","me-east-1","rus-west-1-pop","us-east-1","us-west-1"],"endpoint_health":[]}
