{"endpoint_map":{"cn-qingdao":"mongodb.aliyuncs.com","cn-beijing":"mongodb.aliyuncs.com","cn-chengdu":"mongodb.cn-chengdu.aliyuncs.com","cn-zhangjiakou":"mongodb.cn-zhangjiakou.aliyuncs.com","cn-huhehaote":"mongodb.cn-huhehaote.aliyuncs.com","cn-hangzhou":"mongodb.aliyuncs.com","cn-shanghai":"mongodb.aliyuncs.com","cn-shenzhen":"mongodb.aliyuncs.com","cn-hongkong":"mongodb.aliyuncs.com","ap-southeast-1":"mongodb.aliyuncs.com","ap-southeast-2":"mongodb.ap-southeast-2.aliyuncs.com","ap-southeast-3":"mongodb.ap-southeast-3.aliyuncs.com","ap-southeast-5":"mongodb.ap-southeast-5.aliyuncs.com","ap-northeast-1":"mongodb.ap-northeast-1.aliyuncs.com","eu-west-1":"mongodb.eu-west-1.aliyuncs.com","us-west-1":"mongodb.aliyuncs.com","us-east-1":"mongodb.aliyuncs.com","eu-central-1":"mongodb.eu-central-1.aliyuncs.com","me-east-1":"mongodb.me-east-1.aliyuncs.com","ap-south-1":"mongodb.ap-south-1.aliyuncs.com","cn-hangzhou-finance":"mongodb.aliyuncs.com","cn-shanghai-finance-1":"mongodb.aliyuncs.com","cn-shenzhen-finance-1":"mongodb.aliyuncs.com","cn-north-2-gov-1":"mongodb.aliyuncs.com","ap-northeast-2-pop":"mongodb.aliyuncs.com","cn-beijing-finance-1":"mongodb.aliyuncs.com","cn-beijing-finance-pop":"mongodb.aliyuncs.com","cn-beijing-gov-1":"mongodb.aliyuncs.com","cn-beijing-nu16-b01":"mongodb.aliyuncs.com","cn-edge-1":"mongodb.aliyuncs.com","cn-fujian":"mongodb.aliyuncs.com","cn-haidian-cm12-c01":"mongodb.aliyuncs.com","cn-hangzhou-bj-b01":"mongodb.aliyuncs.com","cn-hangzhou-internal-prod-1":"mongodb.aliyuncs.com","cn-hangzhou-internal-test-1":"mongodb.aliyuncs.com","cn-hangzhou-internal-test-2":"mongodb.aliyuncs.com","cn-hangzhou-internal-test-3":"mongodb.aliyuncs.com","cn-hangzhou-test-306":"mongodb.aliyuncs.com","cn-hongkong-finance-pop":"mongodb.aliyuncs.com","cn-qingdao-nebula":"mongodb.aliyuncs.com","cn-shanghai-et15-b01":"mongodb.aliyuncs.com","cn-shanghai-et2-b01":"mongodb.aliyuncs.com","cn-shanghai-inner":"mongodb.aliyuncs.com","cn-shanghai-internal-test-1":"mongodb.aliyuncs.com","cn-shenzhen-inner":"mongodb.aliyuncs.com","cn-shenzhen-st4-d01":"mongodb.aliyuncs.com","cn-shenzhen-su18-b01":"mongodb.aliyuncs.com","cn-wuhan":"mongodb.aliyuncs.com","cn-yushanfang":"mongodb.aliyuncs.com","cn-zhangbei-na61-b01":"mongodb.aliyuncs.com","cn-zhangjiakou-na62-a01":"mongodb.aliyuncs.com","cn-zhengzhou-nebula-1":"mongodb.aliyuncs.com","eu-west-1-oxs":"mongodb.aliyuncs.com","rus-west-1-pop":"mongodb.aliyuncs.com"},"endpoint_regional":"regional","standard":[],"regions":["cn-qingdao","cn-beijing","cn-chengdu","cn-zhangjiakou","cn-huhehaote","cn-hangzhou","cn-shanghai","cn-shenzhen","cn-hongkong","ap-southeast-1","ap-southeast-2","ap-southeast-3","ap-southeast-5","ap-northeast-1","eu-west-1","us-west-1","us-east-1","eu-central-1","me-east-1","ap-south-1","cn-hangzhou-finance","cn-shanghai-finance-1","cn-shenzhen-finance-1","cn-north-2-gov-1","ap-northeast-2-pop","cn-beijing-finance-1","cn-beijing-finance-pop","cn-beijing-gov-1","cn-beijing-nu16-b01","cn-edge-1","cn-fujian","cn-haidian-cm12-c01","cn-hangzhou-bj-b01","cn-hangzhou-internal-prod-1","cn-hangzhou-internal-test-1","cn-hangzhou-internal-test-2","cn-hangzhou-internal-test-3","cn-hangzhou-test-306","cn-hongkong-finance-pop","cn-qingdao-nebula","cn-shanghai-et15-b01","cn-shanghai-et2-b01","cn-shanghai-inner","cn-shanghai-internal-test-1","cn-shenzhen-inner","cn-shenzhen-st4-d01","cn-shenzhen-su18-b01","cn-wuhan","cn-yushanfang","cn-zhangbei-na61-b01","cn-zhangjiakou-na62-a01","cn-zhengzhou-nebula-1","eu-west-1-oxs","rus-west-1-pop"],"endpoint_health":[]}
