{"endpoint_map":{"cn-qingdao":"ecs-cn-hangzhou.aliyuncs.com","cn-beijing":"ecs-cn-hangzhou.aliyuncs.com","cn-hangzhou":"ecs-cn-hangzhou.aliyuncs.com","cn-shanghai":"ecs-cn-hangzhou.aliyuncs.com","cn-shenzhen":"ecs-cn-hangzhou.aliyuncs.com","cn-hongkong":"ecs-cn-hangzhou.aliyuncs.com","ap-southeast-1":"ecs-cn-hangzhou.aliyuncs.com","us-west-1":"ecs-cn-hangzhou.aliyuncs.com","us-east-1":"ecs-cn-hangzhou.aliyuncs.com","cn-shanghai-finance-1":"ecs-cn-hangzhou.aliyuncs.com","cn-shenzhen-finance-1":"ecs-cn-hangzhou.aliyuncs.com","cn-north-2-gov-1":"ecs.aliyuncs.com","ap-northeast-2-pop":"ecs.ap-northeast-1.aliyuncs.com","cn-beijing-finance-1":"ecs.aliyuncs.com","cn-beijing-finance-pop":"ecs.aliyuncs.com","cn-beijing-gov-1":"ecs.aliyuncs.com","cn-beijing-nu16-b01":"ecs-cn-hangzhou.aliyuncs.com","cn-edge-1":"ecs.cn-qingdao-nebula.aliyuncs.com","cn-fujian":"ecs-cn-hangzhou.aliyuncs.com","cn-haidian-cm12-c01":"ecs-cn-hangzhou.aliyuncs.com","cn-hangzhou-bj-b01":"ecs-cn-hangzhou.aliyuncs.com","cn-hangzhou-finance":"ecs.aliyuncs.com","cn-hangzhou-internal-prod-1":"ecs-cn-hangzhou.aliyuncs.com","cn-hangzhou-internal-test-1":"ecs-cn-hangzhou.aliyuncs.com","cn-hangzhou-internal-test-2":"ecs-cn-hangzhou.aliyuncs.com","cn-hangzhou-internal-test-3":"ecs-cn-hangzhou.aliyuncs.com","cn-hangzhou-test-306":"ecs-cn-hangzhou.aliyuncs.com","cn-hongkong-finance-pop":"ecs.aliyuncs.com","cn-shanghai-et15-b01":"ecs-cn-hangzhou.aliyuncs.com","cn-shanghai-et2-b01":"ecs-cn-hangzhou.aliyuncs.com","cn-shanghai-inner":"ecs.aliyuncs.com","cn-shanghai-internal-test-1":"ecs-cn-hangzhou.aliyuncs.com","cn-shenzhen-inner":"ecs.aliyuncs.com","cn-shenzhen-st4-d01":"ecs-cn-hangzhou.aliyuncs.com","cn-shenzhen-su18-b01":"ecs-cn-hangzhou.aliyuncs.com","cn-wuhan":"ecs.aliyuncs.com","cn-yushanfang":"ecs.aliyuncs.com","cn-zhangbei-na61-b01":"ecs-cn-hangzhou.aliyuncs.com","cn-zhangjiakou-na62-a01":"ecs.cn-zhangjiakou.aliyuncs.com","cn-zhengzhou-nebula-1":"ecs.cn-qingdao-nebula.aliyuncs.com","eu-west-1-oxs":"ecs.cn-shenzhen-cloudstone.aliyuncs.com","rus-west-1-pop":"ecs.ap-northeast-1.aliyuncs.com"},"endpoint_regional":"regional","standard":{"cn-chengdu":"ecs.cn-chengdu.aliyuncs.com","cn-zhangjiakou":"ecs.cn-zhangjiakou.aliyuncs.com","cn-huhehaote":"ecs.cn-huhehaote.aliyuncs.com","ap-southeast-2":"ecs.ap-southeast-2.aliyuncs.com","ap-southeast-3":"ecs.ap-southeast-3.aliyuncs.com","ap-southeast-5":"ecs.ap-southeast-5.aliyuncs.com","ap-northeast-1":"ecs.ap-northeast-1.aliyuncs.com","eu-west-1":"ecs.eu-west-1.aliyuncs.com","eu-central-1":"ecs.eu-central-1.aliyuncs.com","me-east-1":"ecs.me-east-1.aliyuncs.com","ap-south-1":"ecs.ap-south-1.aliyuncs.com","cn-qingdao-nebula":"ecs.cn-qingdao-nebula.aliyuncs.com"},"regions":["cn-qingdao","cn-beijing","cn-chengdu","cn-zhangjiakou","cn-huhehaote","cn-hangzhou","cn-shanghai","cn-shenzhen","cn-hongkong","ap-southeast-1","ap-southeast-2","ap-southeast-3","ap-southeast-5","ap-northeast-1","eu-west-1","us-west-1","us-east-1","eu-central-1","me-east-1","ap-south-1","cn-shanghai-finance-1","cn-shenzhen-finance-1","cn-north-2-gov-1","ap-northeast-2-pop","cn-beijing-finance-1","cn-beijing-finance-pop","cn-beijing-gov-1","cn-beijing-nu16-b01","cn-edge-1","cn-fujian","cn-haidian-cm12-c01","cn-hangzhou-bj-b01","cn-hangzhou-finance","cn-hangzhou-internal-prod-1","cn-hangzhou-internal-test-1","cn-hangzhou-internal-test-2","cn-hangzhou-internal-test-3","cn-hangzhou-test-306","cn-hongkong-finance-pop","cn-qingdao-nebula","cn-shanghai-et15-b01","cn-shanghai-et2-b01","cn-shanghai-inner","cn-shanghai-internal-test-1","cn-shenzhen-inner","cn-shenzhen-st4-d01","cn-shenzhen-su18-b01","cn-wuhan","cn-yushanfang","cn-zhangbei-na61-b01","cn-zhangjiakou-na62-a01","cn-zhengzhou-nebula-1","eu-west-1-oxs","rus-west-1-pop"],"endpoint_health":[]}
