{"endpoint_map":{"ap-northeast-1":"arms.ap-southeast-1.aliyuncs.com","ap-south-1":"arms.ap-southeast-1.aliyuncs.com","ap-southeast-2":"arms.ap-southeast-1.aliyuncs.com","ap-southeast-3":"arms.ap-southeast-1.aliyuncs.com","ap-southeast-5":"arms.ap-southeast-1.aliyuncs.com","cn-chengdu":"arms.aliyuncs.com","cn-huhehaote":"arms.aliyuncs.com","eu-central-1":"arms.ap-southeast-1.aliyuncs.com","eu-west-1":"arms.ap-southeast-1.aliyuncs.com","me-east-1":"arms.ap-southeast-1.aliyuncs.com","us-east-1":"arms.ap-southeast-1.aliyuncs.com","cn-hangzhou-finance":"arms.aliyuncs.com","cn-shenzhen-finance-1":"arms.aliyuncs.com","cn-shanghai-finance-1":"arms.aliyuncs.com","cn-north-2-gov-1":"arms.aliyuncs.com"},"endpoint_regional":"regional","standard":{"ap-southeast-1":"arms.ap-southeast-1.aliyuncs.com","cn-beijing":"arms.cn-beijing.aliyuncs.com","cn-hangzhou":"arms.cn-hangzhou.aliyuncs.com","cn-hongkong":"arms.cn-hongkong.aliyuncs.com","cn-qingdao":"arms.cn-qingdao.aliyuncs.com","cn-shanghai":"arms.cn-shanghai.aliyuncs.com","cn-shenzhen":"arms.cn-shenzhen.aliyuncs.com","cn-zhangjiakou":"arms.cn-zhangjiakou.aliyuncs.com","us-west-1":"arms.us-west-1.aliyuncs.com"},"regions":["ap-northeast-1","ap-south-1","ap-southeast-1","ap-southeast-2","ap-southeast-3","ap-southeast-5","cn-beijing","cn-chengdu","cn-hangzhou","cn-hongkong","cn-huhehaote","cn-qingdao","cn-shanghai","cn-shenzhen","cn-zhangjiakou","eu-central-1","eu-west-1","me-east-1","us-east-1","us-west-1","cn-hangzhou-finance","cn-shenzhen-finance-1","cn-shanghai-finance-1","cn-north-2-gov-1"],"endpoint_health":[]}
