{"endpoint_map":{"ap-northeast-1":"afs.aliyuncs.com","ap-northeast-2-pop":"afs.aliyuncs.com","ap-south-1":"afs.aliyuncs.com","ap-southeast-1":"afs.aliyuncs.com","ap-southeast-2":"afs.aliyuncs.com","ap-southeast-3":"afs.aliyuncs.com","ap-southeast-5":"afs.aliyuncs.com","cn-beijing":"afs.aliyuncs.com","cn-beijing-finance-1":"afs.aliyuncs.com","cn-beijing-finance-pop":"afs.aliyuncs.com","cn-beijing-gov-1":"afs.aliyuncs.com","cn-beijing-nu16-b01":"afs.aliyuncs.com","cn-chengdu":"afs.aliyuncs.com","cn-edge-1":"afs.aliyuncs.com","cn-fujian":"afs.aliyuncs.com","cn-haidian-cm12-c01":"afs.aliyuncs.com","cn-hangzhou-bj-b01":"afs.aliyuncs.com","cn-hangzhou-finance":"afs.aliyuncs.com","cn-hangzhou-internal-prod-1":"afs.aliyuncs.com","cn-hangzhou-internal-test-1":"afs.aliyuncs.com","cn-hangzhou-internal-test-2":"afs.aliyuncs.com","cn-hangzhou-internal-test-3":"afs.aliyuncs.com","cn-hangzhou-test-306":"afs.aliyuncs.com","cn-hongkong":"afs.aliyuncs.com","cn-hongkong-finance-pop":"afs.aliyuncs.com","cn-huhehaote":"afs.aliyuncs.com","cn-north-2-gov-1":"afs.aliyuncs.com","cn-qingdao":"afs.aliyuncs.com","cn-qingdao-nebula":"afs.aliyuncs.com","cn-shanghai":"afs.aliyuncs.com","cn-shanghai-et15-b01":"afs.aliyuncs.com","cn-shanghai-et2-b01":"afs.aliyuncs.com","cn-shanghai-finance-1":"afs.aliyuncs.com","cn-shanghai-inner":"afs.aliyuncs.com","cn-shanghai-internal-test-1":"afs.aliyuncs.com","cn-shenzhen":"afs.aliyuncs.com","cn-shenzhen-finance-1":"afs.aliyuncs.com","cn-shenzhen-inner":"afs.aliyuncs.com","cn-shenzhen-st4-d01":"afs.aliyuncs.com","cn-shenzhen-su18-b01":"afs.aliyuncs.com","cn-wuhan":"afs.aliyuncs.com","cn-yushanfang":"afs.aliyuncs.com","cn-zhangbei-na61-b01":"afs.aliyuncs.com","cn-zhangjiakou":"afs.aliyuncs.com","cn-zhangjiakou-na62-a01":"afs.aliyuncs.com","cn-zhengzhou-nebula-1":"afs.aliyuncs.com","eu-central-1":"afs.aliyuncs.com","eu-west-1":"afs.aliyuncs.com","eu-west-1-oxs":"afs.aliyuncs.com","me-east-1":"afs.aliyuncs.com","rus-west-1-pop":"afs.aliyuncs.com","us-east-1":"afs.aliyuncs.com","us-west-1":"afs.aliyuncs.com"},"endpoint_regional":"regional","standard":{"cn-hangzhou":"afs.cn-hangzhou.aliyuncs.com"},"regions":["ap-northeast-1","ap-northeast-2-pop","ap-south-1","ap-southeast-1","ap-southeast-2","ap-southeast-3","ap-southeast-5","cn-beijing","cn-beijing-finance-1","cn-beijing-finance-pop","cn-beijing-gov-1","cn-beijing-nu16-b01","cn-chengdu","cn-edge-1","cn-fujian","cn-haidian-cm12-c01","cn-hangzhou","cn-hangzhou-bj-b01","cn-hangzhou-finance","cn-hangzhou-internal-prod-1","cn-hangzhou-internal-test-1","cn-hangzhou-internal-test-2","cn-hangzhou-internal-test-3","cn-hangzhou-test-306","cn-hongkong","cn-hongkong-finance-pop","cn-huhehaote","cn-north-2-gov-1","cn-qingdao","cn-qingdao-nebula","cn-shanghai","cn-shanghai-et15-b01","cn-shanghai-et2-b01","cn-shanghai-finance-1","cn-shanghai-inner","cn-shanghai-internal-test-1","cn-shenzhen","cn-shenzhen-finance-1","cn-shenzhen-inner","cn-shenzhen-st4-d01","cn-shenzhen-su18-b01","cn-wuhan","cn-yushanfang","cn-zhangbei-na61-b01","cn-zhangjiakou","cn-zhangjiakou-na62-a01","cn-zhengzhou-nebula-1","eu-central-1","eu-west-1","eu-west-1-oxs","me-east-1","rus-west-1-pop","us-east-1","us-west-1"],"endpoint_health":[]}
