{"endpoint_map":{"cn-qingdao":"dbs-api.cn-hangzhou.aliyuncs.com","cn-beijing":"dbs-api.cn-hangzhou.aliyuncs.com","cn-zhangjiakou":"dbs-api.cn-hangzhou.aliyuncs.com","cn-huhehaote":"dbs-api.cn-huhehaote.aliyuncs.com","cn-hangzhou":"dbs-api.cn-hangzhou.aliyuncs.com","cn-shanghai":"dbs-api.cn-hangzhou.aliyuncs.com","cn-shenzhen":"dbs-api.cn-hangzhou.aliyuncs.com","cn-hongkong":"dbs-api.cn-hangzhou.aliyuncs.com","ap-southeast-1":"dbs-api.ap-southeast-1.aliyuncs.com","ap-northeast-1":"dbs-api.ap-northeast-1.aliyuncs.com","us-west-1":"dbs.cn-hangzhou.aliyuncs.com","us-east-1":"dbs.cn-hangzhou.aliyuncs.com","cn-hangzhou-finance":"dbs-api.cn-hangzhou.aliyuncs.com","cn-shanghai-finance-1":"dbs-api.cn-hangzhou.aliyuncs.com","cn-shenzhen-finance-1":"dbs-api.cn-hangzhou.aliyuncs.com","ap-south-1":"dbs-api.ap-south-1.aliyuncs.com","eu-west-1":"dbs-api.eu-west-1.aliyuncs.com","me-east-1":"dbs-api.me-east-1.aliyuncs.com"},"endpoint_regional":"regional","standard":{"cn-chengdu":"dbs.cn-chengdu.aliyuncs.com","ap-southeast-2":"dbs.ap-southeast-2.aliyuncs.com","ap-southeast-3":"dbs.ap-southeast-3.aliyuncs.com","ap-southeast-5":"dbs.ap-southeast-5.aliyuncs.com","eu-central-1":"dbs.eu-central-1.aliyuncs.com"},"regions":["cn-qingdao","cn-beijing","cn-chengdu","cn-zhangjiakou","cn-huhehaote","cn-hangzhou","cn-shanghai","cn-shenzhen","cn-hongkong","ap-southeast-1","ap-southeast-2","ap-southeast-3","ap-southeast-5","ap-northeast-1","us-west-1","us-east-1","eu-central-1","cn-hangzhou-finance","cn-shanghai-finance-1","cn-shenzhen-finance-1","ap-south-1","eu-west-1","me-east-1"],"endpoint_health":[]}
