{"endpoint_map":{"ap-northeast-1":"appms.aliyuncs.com","ap-south-1":"appms.aliyuncs.com","ap-southeast-1":"appms.aliyuncs.com","ap-southeast-2":"appms.aliyuncs.com","ap-southeast-3":"appms.aliyuncs.com","ap-southeast-5":"appms.aliyuncs.com","cn-beijing":"appms.aliyuncs.com","cn-chengdu":"appms.aliyuncs.com","cn-hangzhou":"appms.aliyuncs.com","cn-hongkong":"appms.aliyuncs.com","cn-huhehaote":"appms.aliyuncs.com","cn-qingdao":"appms.aliyuncs.com","cn-shanghai":"appms.aliyuncs.com","cn-shenzhen":"appms.aliyuncs.com","cn-zhangjiakou":"appms.aliyuncs.com","eu-central-1":"appms.aliyuncs.com","eu-west-1":"appms.aliyuncs.com","me-east-1":"appms.aliyuncs.com","us-east-1":"appms.aliyuncs.com","us-west-1":"appms.aliyuncs.com"},"endpoint_regional":"regional","standard":[],"regions":["ap-northeast-1","ap-south-1","ap-southeast-1","ap-southeast-2","ap-southeast-3","ap-southeast-5","cn-beijing","cn-chengdu","cn-hangzhou","cn-hongkong","cn-huhehaote","cn-qingdao","cn-shanghai","cn-shenzhen","cn-zhangjiakou","eu-central-1","eu-west-1","me-east-1","us-east-1","us-west-1"],"endpoint_health":[]}
