{"endpoint_map":{"ap-northeast-1":"cusanalytic.aliyuncs.com","ap-south-1":"cusanalytic.aliyuncs.com","ap-southeast-1":"cusanalytic.aliyuncs.com","ap-southeast-2":"cusanalytic.aliyuncs.com","ap-southeast-3":"cusanalytic.aliyuncs.com","ap-southeast-5":"cusanalytic.aliyuncs.com","cn-beijing":"cusanalytic.aliyuncs.com","cn-chengdu":"cusanalytic.aliyuncs.com","cn-hangzhou":"cusanalytic.aliyuncs.com","cn-hongkong":"cusanalytic.aliyuncs.com","cn-huhehaote":"cusanalytic.aliyuncs.com","cn-qingdao":"cusanalytic.aliyuncs.com","cn-shanghai":"cusanalytic.aliyuncs.com","cn-shenzhen":"cusanalytic.aliyuncs.com","cn-zhangjiakou":"cusanalytic.aliyuncs.com","eu-central-1":"cusanalytic.aliyuncs.com","eu-west-1":"cusanalytic.aliyuncs.com","me-east-1":"cusanalytic.aliyuncs.com","us-east-1":"cusanalytic.aliyuncs.com","us-west-1":"cusanalytic.aliyuncs.com","cn-hangzhou-finance":"cusanalytic.aliyuncs.com","cn-shenzhen-finance-1":"cusanalytic.aliyuncs.com","cn-shanghai-finance-1":"cusanalytic.aliyuncs.com","cn-north-2-gov-1":"cusanalytic.aliyuncs.com"},"endpoint_regional":"central","standard":[],"regions":["ap-northeast-1","ap-south-1","ap-southeast-1","ap-southeast-2","ap-southeast-3","ap-southeast-5","cn-beijing","cn-chengdu","cn-hangzhou","cn-hongkong","cn-huhehaote","cn-qingdao","cn-shanghai","cn-shenzhen","cn-zhangjiakou","eu-central-1","eu-west-1","me-east-1","us-east-1","us-west-1","cn-hangzhou-finance","cn-shenzhen-finance-1","cn-shanghai-finance-1","cn-north-2-gov-1"],"endpoint_health":[]}
