{"endpoint_map":{},"endpoint_regional":"central","standard":{"cn-hangzhou":"cloudauth.aliyuncs.com","ap-northeast-1":"cloudauth.aliyuncs.com","ap-south-1":"cloudauth.aliyuncs.com","ap-southeast-1":"cloudauth.aliyuncs.com","ap-southeast-2":"cloudauth.aliyuncs.com","ap-southeast-3":"cloudauth.aliyuncs.com","ap-southeast-5":"cloudauth.aliyuncs.com","cn-beijing":"cloudauth.aliyuncs.com","cn-chengdu":"cloudauth.aliyuncs.com","cn-hongkong":"cloudauth.aliyuncs.com","cn-huhehaote":"cloudauth.aliyuncs.com","cn-qingdao":"cloudauth.aliyuncs.com","cn-shanghai":"cloudauth.aliyuncs.com","cn-shenzhen":"cloudauth.aliyuncs.com","cn-zhangjiakou":"cloudauth.aliyuncs.com","eu-central-1":"cloudauth.aliyuncs.com","eu-west-1":"cloudauth.aliyuncs.com","me-east-1":"cloudauth.aliyuncs.com","us-east-1":"cloudauth.aliyuncs.com","us-west-1":"cloudauth.aliyuncs.com","cn-hangzhou-finance":"cloudauth.aliyuncs.com","cn-shenzhen-finance-1":"cloudauth.aliyuncs.com","cn-shanghai-finance-1":"cloudauth.aliyuncs.com","cn-north-2-gov-1":"cloudauth.aliyuncs.com"},"regions":["cn-hangzhou","ap-northeast-1","ap-south-1","ap-southeast-1","ap-southeast-2","ap-southeast-3","ap-southeast-5","cn-beijing","cn-chengdu","cn-hongkong","cn-huhehaote","cn-qingdao","cn-shanghai","cn-shenzhen","cn-zhangjiakou","eu-central-1","eu-west-1","me-east-1","us-east-1","us-west-1","cn-hangzhou-finance","cn-shenzhen-finance-1","cn-shanghai-finance-1","cn-north-2-gov-1"],"endpoint_health":[]}
