{"endpoint_map":{"cn-qingdao":"apigateway.cn-qingdao.aliyuncs.com","cn-beijing":"apigateway.cn-beijing.aliyuncs.com","cn-chengdu":"apigateway.cn-chengdu.aliyuncs.com","cn-zhangjiakou":"apigateway.cn-zhangjiakou.aliyuncs.com","cn-huhehaote":"apigateway.cn-huhehaote.aliyuncs.com","cn-hangzhou":"apigateway.cn-hangzhou.aliyuncs.com","cn-shanghai":"apigateway.cn-shanghai.aliyuncs.com","cn-shenzhen":"apigateway.cn-shenzhen.aliyuncs.com","cn-hongkong":"apigateway.cn-hongkong.aliyuncs.com","ap-southeast-1":"apigateway.ap-southeast-1.aliyuncs.com","ap-southeast-2":"apigateway.ap-southeast-2.aliyuncs.com","ap-southeast-3":"apigateway.ap-southeast-3.aliyuncs.com","ap-southeast-5":"apigateway.ap-southeast-5.aliyuncs.com","ap-northeast-1":"apigateway.ap-northeast-1.aliyuncs.com","eu-west-1":"apigateway.eu-west-1.aliyuncs.com","us-west-1":"apigateway.us-west-1.aliyuncs.com","us-east-1":"apigateway.us-east-1.aliyuncs.com","eu-central-1":"apigateway.eu-central-1.aliyuncs.com","me-east-1":"apigateway.me-east-1.aliyuncs.com","ap-south-1":"apigateway.ap-south-1.aliyuncs.com","cn-north-2-gov-1":"apigateway.cn-north-2-gov-1.aliyuncs.com","cn-hangzhou-finance":"apigateway.aliyuncs.com","cn-shenzhen-finance-1":"apigateway.aliyuncs.com","cn-shanghai-finance-1":"apigateway.aliyuncs.com"},"endpoint_regional":"regional","standard":[],"regions":["cn-qingdao","cn-beijing","cn-chengdu","cn-zhangjiakou","cn-huhehaote","cn-hangzhou","cn-shanghai","cn-shenzhen","cn-hongkong","ap-southeast-1","ap-southeast-2","ap-southeast-3","ap-southeast-5","ap-northeast-1","eu-west-1","us-west-1","us-east-1","eu-central-1","me-east-1","ap-south-1","cn-north-2-gov-1","cn-hangzhou-finance","cn-shenzhen-finance-1","cn-shanghai-finance-1"],"endpoint_health":[]}
