{"endpoint_map":{"cn-qingdao":"adb.aliyuncs.com","cn-beijing":"adb.aliyuncs.com","cn-hangzhou":"adb.aliyuncs.com","cn-shanghai":"adb.aliyuncs.com","cn-shenzhen":"adb.aliyuncs.com","cn-hongkong":"adb.aliyuncs.com","ap-southeast-1":"adb.aliyuncs.com","us-west-1":"adb.aliyuncs.com","us-east-1":"adb.aliyuncs.com","cn-hangzhou-finance":"adb.aliyuncs.com","cn-north-2-gov-1":"adb.aliyuncs.com","ap-northeast-2-pop":"adb.ap-northeast-1.aliyuncs.com","cn-beijing-finance-1":"adb.aliyuncs.com","cn-beijing-finance-pop":"adb.aliyuncs.com","cn-beijing-gov-1":"adb.aliyuncs.com","cn-beijing-nu16-b01":"adb.aliyuncs.com","cn-edge-1":"adb.aliyuncs.com","cn-fujian":"adb.aliyuncs.com","cn-haidian-cm12-c01":"adb.aliyuncs.com","cn-hangzhou-bj-b01":"adb.aliyuncs.com","cn-hangzhou-internal-prod-1":"adb.aliyuncs.com","cn-hangzhou-internal-test-1":"adb.aliyuncs.com","cn-hangzhou-internal-test-2":"adb.aliyuncs.com","cn-hangzhou-internal-test-3":"adb.aliyuncs.com","cn-hangzhou-test-306":"adb.aliyuncs.com","cn-hongkong-finance-pop":"adb.aliyuncs.com","cn-qingdao-nebula":"adb.aliyuncs.com","cn-shanghai-et15-b01":"adb.aliyuncs.com","cn-shanghai-et2-b01":"adb.aliyuncs.com","cn-shanghai-finance-1":"adb.aliyuncs.com","cn-shanghai-inner":"adb.aliyuncs.com","cn-shanghai-internal-test-1":"adb.aliyuncs.com","cn-shenzhen-finance-1":"adb.aliyuncs.com","cn-shenzhen-inner":"adb.aliyuncs.com","cn-shenzhen-st4-d01":"adb.aliyuncs.com","cn-shenzhen-su18-b01":"adb.aliyuncs.com","cn-wuhan":"adb.aliyuncs.com","cn-yushanfang":"adb.aliyuncs.com","cn-zhangbei-na61-b01":"adb.aliyuncs.com","cn-zhangjiakou-na62-a01":"adb.aliyuncs.com","cn-zhengzhou-nebula-1":"adb.aliyuncs.com","eu-west-1-oxs":"adb.ap-northeast-1.aliyuncs.com","me-east-1":"adb.ap-northeast-1.aliyuncs.com","rus-west-1-pop":"adb.ap-northeast-1.aliyuncs.com"},"endpoint_regional":"regional","standard":{"cn-chengdu":"adb.cn-chengdu.aliyuncs.com","cn-zhangjiakou":"adb.cn-zhangjiakou.aliyuncs.com","cn-huhehaote":"adb.cn-huhehaote.aliyuncs.com","ap-southeast-2":"adb.ap-southeast-2.aliyuncs.com","ap-southeast-3":"adb.ap-southeast-3.aliyuncs.com","ap-southeast-5":"adb.ap-southeast-5.aliyuncs.com","ap-northeast-1":"adb.ap-northeast-1.aliyuncs.com","eu-west-1":"adb.eu-west-1.aliyuncs.com","eu-central-1":"adb.eu-central-1.aliyuncs.com","ap-south-1":"adb.ap-south-1.aliyuncs.com"},"regions":["cn-qingdao","cn-beijing","cn-chengdu","cn-zhangjiakou","cn-huhehaote","cn-hangzhou","cn-shanghai","cn-shenzhen","cn-hongkong","ap-southeast-1","ap-southeast-2","ap-southeast-3","ap-southeast-5","ap-northeast-1","eu-west-1","us-west-1","us-east-1","eu-central-1","ap-south-1","cn-hangzhou-finance","cn-north-2-gov-1","ap-northeast-2-pop","cn-beijing-finance-1","cn-beijing-finance-pop","cn-beijing-gov-1","cn-beijing-nu16-b01","cn-edge-1","cn-fujian","cn-haidian-cm12-c01","cn-hangzhou-bj-b01","cn-hangzhou-internal-prod-1","cn-hangzhou-internal-test-1","cn-hangzhou-internal-test-2","cn-hangzhou-internal-test-3","cn-hangzhou-test-306","cn-hongkong-finance-pop","cn-qingdao-nebula","cn-shanghai-et15-b01","cn-shanghai-et2-b01","cn-shanghai-finance-1","cn-shanghai-inner","cn-shanghai-internal-test-1","cn-shenzhen-finance-1","cn-shenzhen-inner","cn-shenzhen-st4-d01","cn-shenzhen-su18-b01","cn-wuhan","cn-yushanfang","cn-zhangbei-na61-b01","cn-zhangjiakou-na62-a01","cn-zhengzhou-nebula-1","eu-west-1-oxs","me-east-1","rus-west-1-pop"],"endpoint_health":{"cn-zhangjiakou":"DomainNotFound","cn-huhehaote":"DomainNotFound","ap-southeast-2":"DomainNotFound","ap-southeast-5":"DomainNotFound","eu-west-1":"DomainNotFound","eu-central-1":"DomainNotFound","ap-south-1":"DomainNotFound"}}
