{"endpoint_map":{},"endpoint_regional":"central","standard":{"cn-qingdao":"dms-enterprise.aliyuncs.com","cn-beijing":"dms-enterprise.aliyuncs.com","cn-hangzhou":"dms-enterprise.aliyuncs.com","cn-shanghai":"dms-enterprise.aliyuncs.com","cn-shenzhen":"dms-enterprise.aliyuncs.com","ap-northeast-1":"dms-enterprise.aliyuncs.com","ap-northeast-2-pop":"dms-enterprise.aliyuncs.com","ap-south-1":"dms-enterprise.aliyuncs.com","ap-southeast-1":"dms-enterprise.aliyuncs.com","ap-southeast-2":"dms-enterprise.aliyuncs.com","ap-southeast-3":"dms-enterprise.aliyuncs.com","ap-southeast-5":"dms-enterprise.aliyuncs.com","cn-beijing-finance-1":"dms-enterprise.aliyuncs.com","cn-beijing-finance-pop":"dms-enterprise.aliyuncs.com","cn-beijing-gov-1":"dms-enterprise.aliyuncs.com","cn-beijing-nu16-b01":"dms-enterprise.aliyuncs.com","cn-chengdu":"dms-enterprise.aliyuncs.com","cn-edge-1":"dms-enterprise.aliyuncs.com","cn-fujian":"dms-enterprise.aliyuncs.com","cn-haidian-cm12-c01":"dms-enterprise.aliyuncs.com","cn-hangzhou-bj-b01":"dms-enterprise.aliyuncs.com","cn-hangzhou-finance":"dms-enterprise.aliyuncs.com","cn-hangzhou-internal-prod-1":"dms-enterprise.aliyuncs.com","cn-hangzhou-internal-test-1":"dms-enterprise.aliyuncs.com","cn-hangzhou-internal-test-2":"dms-enterprise.aliyuncs.com","cn-hangzhou-internal-test-3":"dms-enterprise.aliyuncs.com","cn-hangzhou-test-306":"dms-enterprise.aliyuncs.com","cn-hongkong":"dms-enterprise.aliyuncs.com","cn-hongkong-finance-pop":"dms-enterprise.aliyuncs.com","cn-huhehaote":"dms-enterprise.aliyuncs.com","cn-north-2-gov-1":"dms-enterprise.aliyuncs.com","cn-qingdao-nebula":"dms-enterprise.aliyuncs.com","cn-shanghai-et15-b01":"dms-enterprise.aliyuncs.com","cn-shanghai-et2-b01":"dms-enterprise.aliyuncs.com","cn-shanghai-finance-1":"dms-enterprise.aliyuncs.com","cn-shanghai-inner":"dms-enterprise.aliyuncs.com","cn-shanghai-internal-test-1":"dms-enterprise.aliyuncs.com","cn-shenzhen-finance-1":"dms-enterprise.aliyuncs.com","cn-shenzhen-inner":"dms-enterprise.aliyuncs.com","cn-shenzhen-st4-d01":"dms-enterprise.aliyuncs.com","cn-shenzhen-su18-b01":"dms-enterprise.aliyuncs.com","cn-wuhan":"dms-enterprise.aliyuncs.com","cn-yushanfang":"dms-enterprise.aliyuncs.com","cn-zhangbei-na61-b01":"dms-enterprise.aliyuncs.com","cn-zhangjiakou":"dms-enterprise.aliyuncs.com","cn-zhangjiakou-na62-a01":"dms-enterprise.aliyuncs.com","cn-zhengzhou-nebula-1":"dms-enterprise.aliyuncs.com","eu-central-1":"dms-enterprise.aliyuncs.com","eu-west-1":"dms-enterprise.aliyuncs.com","eu-west-1-oxs":"dms-enterprise.aliyuncs.com","me-east-1":"dms-enterprise.aliyuncs.com","rus-west-1-pop":"dms-enterprise.aliyuncs.com","us-east-1":"dms-enterprise.aliyuncs.com","us-west-1":"dms-enterprise.aliyuncs.com"},"regions":["cn-qingdao","cn-beijing","cn-hangzhou","cn-shanghai","cn-shenzhen","ap-northeast-1","ap-northeast-2-pop","ap-south-1","ap-southeast-1","ap-southeast-2","ap-southeast-3","ap-southeast-5","cn-beijing-finance-1","cn-beijing-finance-pop","cn-beijing-gov-1","cn-beijing-nu16-b01","cn-chengdu","cn-edge-1","cn-fujian","cn-haidian-cm12-c01","cn-hangzhou-bj-b01","cn-hangzhou-finance","cn-hangzhou-internal-prod-1","cn-hangzhou-internal-test-1","cn-hangzhou-internal-test-2","cn-hangzhou-internal-test-3","cn-hangzhou-test-306","cn-hongkong","cn-hongkong-finance-pop","cn-huhehaote","cn-north-2-gov-1","cn-qingdao-nebula","cn-shanghai-et15-b01","cn-shanghai-et2-b01","cn-shanghai-finance-1","cn-shanghai-inner","cn-shanghai-internal-test-1","cn-shenzhen-finance-1","cn-shenzhen-inner","cn-shenzhen-st4-d01","cn-shenzhen-su18-b01","cn-wuhan","cn-yushanfang","cn-zhangbei-na61-b01","cn-zhangjiakou","cn-zhangjiakou-na62-a01","cn-zhengzhou-nebula-1","eu-central-1","eu-west-1","eu-west-1-oxs","me-east-1","rus-west-1-pop","us-east-1","us-west-1"],"endpoint_health":[]}
